"Forum","DisplayName","VoteDiff","Reputation","AccountId","ProfileImageUrl"
"anime","senshin",1434,33752,1668748,"https://i.stack.imgur.com/6W51t.png?s=128&g=1"
"anime","Turamarth",475,2534,7139308,"https://i.stack.imgur.com/NF3Po.jpg?s=128&g=1"
"anime","Aki Tanaka",261,10516,3359942,"https://i.stack.imgur.com/DztAn.png?s=128&g=1"
"anime","W. Are",249,7826,14588027,"https://i.stack.imgur.com/ejuh8.jpg?s=128&g=1"
"anime","Glorfindel",133,215,6085540,"https://i.stack.imgur.com/Haz6W.jpg?s=128&g=1"
"anime","F1Krazy",123,881,3756429,"https://i.stack.imgur.com/CbjJk.png?s=128&g=1"
"anime","SudoRahul",66,2294,2305374,"https://i.stack.imgur.com/Qyyak.jpg?s=128&g=1"
"anime","Makoto",55,5937,1082858,""
"anime","Geshode",34,675,12401383,"https://www.gravatar.com/avatar/6b7f74f49de917e716f4d679473e70f4?s=128&d=identicon&r=PG&f=1"
"anime","Joe W",33,222,1239998,"https://i.stack.imgur.com/8EZis.gif?s=128&g=1"
"beer","LessPop_MoreFizz",18,1938,69074,"https://i.stack.imgur.com/k6cUI.jpg"
"beer","Glorfindel",10,139,6085540,"https://i.stack.imgur.com/Haz6W.jpg?s=128&g=1"
"beer","Robert Cartaino",3,284,34933,""
"beer","Jamie Kudla",1,170,277553,"https://i.stack.imgur.com/Z4mnK.jpg"
"beer","Kevin Nowaczyk",1,155,2097970,"https://www.gravatar.com/avatar/90418acdf67758235c6277d0c3ca5852?s=128&d=identicon&r=PG"
"beer","Arthur D",1,870,7608101,"https://www.gravatar.com/avatar/11e4df022e0c65ff8a4880a4bdf2e94e?s=128&d=identicon&r=PG&f=1"
"bicycles","Glorfindel",127,323,6085540,"https://i.stack.imgur.com/Haz6W.jpg?s=128&g=1"
"bicycles","paparazzo",93,15030,300272,"https://i.stack.imgur.com/N7ogx.png"
"bicycles","thelawnet",31,3147,6314538,"https://lh6.googleusercontent.com/-T6mm9wcV7cI/AAAAAAAAAAI/AAAAAAAAABo/5BpS9QkfJnk/photo.jpg?sz=128"
"bicycles","Peter Duniho",29,530,4333085,"https://www.gravatar.com/avatar/dcc3c1ad5e4ae4d79ba377020978d107?s=128&d=identicon&r=PG&f=1"
"bicycles","Peter Mortensen",11,186,24885,""
"bicycles","Kaz",4,2452,1300809,""
"bicycles","Matías Guzmán Naranjo",4,216,1705033,""
"bicycles","Berend",4,262,4938435,"https://www.gravatar.com/avatar/9d4d445a89b910723ea3f6d240da10c2?s=128&d=identicon&r=PG&f=1"
"bicycles","limscoder",3,307,19406,""
"bicycles","Esoteric Screen Name",3,249,1039918,"https://www.gravatar.com/avatar/36acb82112338e08f1a7e1975799d1a0?s=128&d=identicon&r=PG"
"chess","user21820",455,1470,1131127,""
"chess","SmallChess",252,18915,124226,"https://www.gravatar.com/avatar/45aa3c1c4fedfe1d576e5bff5eb638c2?s=128&d=identicon&r=PG&f=1"
"chess","CognisMantis",128,4397,5034495,"https://www.gravatar.com/avatar/4a170649404742ac048a2139560d8fdf?s=128&d=identicon&r=PG&f=1"
"chess","Savage47",101,3618,16517921,"https://lh6.googleusercontent.com/-ysbSBKmx5oU/AAAAAAAAAAI/AAAAAAAAAAA/ACHi3rf7edrMuUnW3CW_bQ4PvfNyGy4lcA/photo.jpg"
"chess","Sac Exchange",97,381,16034321,"https://i.stack.imgur.com/SQONd.jpg"
"chess","Ywapom",79,5370,9251491,"https://www.gravatar.com/avatar/d8fe8d6c50412f3f618dd6716255401f?s=128&d=identicon&r=PG&f=1"
"chess","Qudit",77,514,3728450,"https://www.gravatar.com/avatar/252772516fa6a796491f3105c5ac66cf?s=128&d=identicon&r=PG&f=1"
"chess","Ellie",45,11057,4772433,"https://i.stack.imgur.com/RGj3t.jpg?s=128&g=1"
"chess","Jossie Calderon",38,2387,2433769,"https://www.gravatar.com/avatar/ededeaba2e2df8ec6b0ab7f776fc4c72?s=128&d=identicon&r=PG"
"chess","Ken Wei",36,1261,6358659,"https://www.gravatar.com/avatar/ace589e56bdab52f070948d1dc5bb832?s=128&d=identicon&r=PG&f=1"
"christianity","curiousdannii",2252,15547,3401915,""
"christianity","Flimzy",584,21914,7879,""
"christianity","DJClayworth",428,25847,10258,"https://i.stack.imgur.com/Sqgx6.jpg?s=128&g=1"
"christianity","Andrew Leach",176,13085,1241839,"https://i.stack.imgur.com/dV7nD.png"
"christianity","The Freemason",66,3838,314856,"https://i.stack.imgur.com/IOLL1.jpg"
"christianity","Mark Edward",57,2392,3547884,"https://i.stack.imgur.com/RDO0x.jpg"
"christianity","WelcomeNewUsers",53,1067,3550922,"https://i.stack.imgur.com/HojWI.jpg"
"christianity","Mad Scientist",41,2164,141090,"https://i.stack.imgur.com/BGA1x.jpg?s=128&g=1"
"christianity","guest37",37,5211,4327048,"https://www.gravatar.com/avatar/72a9eb711170a0e053e54b5cd02d277a?s=128&d=identicon&r=PG&f=1"
"christianity","Glorfindel",34,163,6085540,"https://i.stack.imgur.com/Haz6W.jpg?s=128&g=1"
"cooking","Rob",235,1936,54381,"https://i.stack.imgur.com/HnjBG.png"
"cooking","Glorfindel",151,415,6085540,"https://i.stack.imgur.com/Haz6W.jpg?s=128&g=1"
"cooking","paparazzo",127,6334,300272,"https://i.stack.imgur.com/N7ogx.png?s=128&g=1"
"cooking","Mr. Mascaro",53,971,4055272,"https://www.gravatar.com/avatar/ce6007b9bf81366b10b303599a563ee4?s=128&d=identicon&r=PG&f=1"
"cooking","Niall",35,904,3579214,"https://www.gravatar.com/avatar/5b60d5292cb258055a7709b3c17487d3?s=128&d=identicon&r=PG&f=1"
"cooking","amaranth",33,155,1310152,"https://i.stack.imgur.com/r06hH.jpg?s=128&g=1"
"cooking","Peter Mortensen",22,170,24885,""
"cooking","Peter Duniho",14,322,4333085,"https://www.gravatar.com/avatar/dcc3c1ad5e4ae4d79ba377020978d107?s=128&d=identicon&r=PG&f=1"
"cooking","TonyArra",8,445,29923,"https://i.stack.imgur.com/CmY2Y.jpg"
"cooking","John Hammond",8,3019,4858408,"https://www.gravatar.com/avatar/a0da1391e8d298f6d4e2d1ac574e4546?s=128&d=identicon&r=PG&f=1"
"diy","Glorfindel",297,855,6085540,"https://i.stack.imgur.com/Haz6W.jpg?s=128&g=1"
"diy","Speedy Petey",223,15570,4013275,"https://www.gravatar.com/avatar/?s=128&d=identicon&r=PG&f=1"
"diy","nobody",222,1323,10307,"https://www.gravatar.com/avatar/8e6aeea32e2b2adf250af619cbc1a675?s=128&d=identicon&r=PG&f=1"
"diy","jsotola",124,1719,9293314,"https://www.gravatar.com/avatar/eb1b29a4b3f8fc693f0858f56d6ec0de?s=128&d=identicon&r=PG&f=1"
"diy","PeterJ",90,135,1750581,""
"diy","jwh20",64,12412,1669466,"https://www.gravatar.com/avatar/7dc2eb715ef5b61507d179da5d0f71fb?s=128&d=identicon&r=PG"
"diy","Rob",29,1175,54381,"https://i.stack.imgur.com/HnjBG.png"
"diy","Peter Duniho",19,1109,4333085,"https://www.gravatar.com/avatar/dcc3c1ad5e4ae4d79ba377020978d107?s=128&d=identicon&r=PG&f=1"
"diy","Eric Lippert",13,1171,32093,""
"diy","Sam",11,505,5321798,"https://www.gravatar.com/avatar/751af46b5492daac05726171f0654033?s=128&d=identicon&r=PG&f=1"
"history","Pieter Geerkens",883,62301,1781966,""
"history","Alex",370,33978,2958032,"https://www.gravatar.com/avatar/ffeaee3e69d61fec82c850733427e9a5?s=128&d=identicon&r=PG&f=1"
"history","Tomas By",184,2562,9604992,"https://www.gravatar.com/avatar/95feecfe61cbcdf86514a34cdc248623?s=128&d=identicon&r=PG&f=1"
"history","Persian Cat",176,318,2345779,"https://i.stack.imgur.com/vlo3p.jpg"
"history","Carlos Martin",147,561,16394745,"https://www.gravatar.com/avatar/330ff9aae784e3bef4b8535b29984044?s=128&d=identicon&r=PG&f=1"
"history","Indiana Jenna",145,607,16034321,"https://i.stack.imgur.com/9hErR.jpg"
"history","Glorfindel",109,1165,6085540,"https://i.stack.imgur.com/Haz6W.jpg?s=128&g=1"
"history","FiringSquadWitness",52,547,4083654,"https://www.gravatar.com/avatar/6ac2a72ff5ca7a30d8c2fd328a7690a0?s=128&d=identicon&r=PG&f=1"
"history","rougon",34,1374,4067269,""
"history","GGMG-he-him",28,1739,3226769,"https://www.gravatar.com/avatar/60c8ca77995f4f3a935e99c8f097231c?s=128&d=identicon&r=PG&f=1"
"homebrew","Glorfindel",6,161,6085540,"https://i.stack.imgur.com/Haz6W.jpg?s=128&g=1"
"homebrew","Rob",5,246,4485506,"https://i.stack.imgur.com/C1cG7.jpg?s=128&g=1"
"homebrew","Tim B.",1,111,21732,""
"homebrew","criggs",1,31,126289,""
"homebrew","Rob Conery",1,216,878,""
"judaism","KapinKrunch",97,365,16190100,"https://i.stack.imgur.com/fSvxd.jpg?s=128&g=1"
"judaism","Adam",49,243,11178122,"https://i.stack.imgur.com/4fEIz.jpg?s=128&g=1"
"judaism","Glorfindel",46,257,6085540,"https://i.stack.imgur.com/Haz6W.jpg?s=128&g=1"
"judaism","Rish",38,895,5462031,"https://i.stack.imgur.com/JPejf.png"
"judaism","Dori",8,101,6489,""
"judaism","Robert Cartaino",5,101,34933,"https://www.gravatar.com/avatar/2711dff8fd580a3db6177262c2735ac6?s=128&d=identicon&r=PG&f=1"
"judaism","StackOverflowUser",4,146,8495360,"https://www.gravatar.com/avatar/4432067d28bf2f69a3279aa1c2c952d8?s=128&d=identicon&r=PG&f=1"
"judaism","DrM",3,388,6259647,""
"judaism","S-B",2,579,531490,""
"judaism","edthethird",2,101,1255760,""
"lifehacks","Robert Cartaino",461,6487,34933,""
"lifehacks","TIO Begs",136,1132,391574,""
"lifehacks","Just Do It",83,1213,6553894,"https://i.stack.imgur.com/y803Q.png?s=128&g=1"
"lifehacks","Mast",53,729,999385,"https://i.stack.imgur.com/990x8.jpg?s=128&g=1"
"lifehacks","motosubatsu",49,275,3092463,"https://i.stack.imgur.com/8HM39.jpg"
"lifehacks","Unionhawk",44,225,26314,""
"lifehacks","Glorfindel",29,1008,6085540,"https://i.stack.imgur.com/Haz6W.jpg?s=128&g=1"
"lifehacks","Captain Obvious",26,935,305991,"https://i.stack.imgur.com/dFSdd.png?s=128&g=1"
"lifehacks","Broots Waymb",25,610,3539813,"https://i.stack.imgur.com/XicNR.jpg"
"lifehacks","bjb568",19,173,2752900,"https://i.stack.imgur.com/7nxqo.jpg?s=128&g=1"
"money","Victor",1826,20198,1157838,"https://i.stack.imgur.com/iICAm.png"
"money","littleadv",370,115716,307221,""
"money","Glorfindel",357,833,6085540,"https://i.stack.imgur.com/Haz6W.jpg?s=128&g=1"
"money","glibdud",124,327,415087,""
"money","base64",101,7086,3941772,"https://www.gravatar.com/avatar/343493ac51df902f43fdf3f6b5bf00f0?s=128&d=identicon&r=PG&f=1"
"money","Eric Lippert",93,4611,32093,""
"money","Dmitry Grigoryev",90,1413,5471272,"https://i.stack.imgur.com/IvPNx.png?s=128&g=1"
"money","Sam",45,618,5321798,"https://www.gravatar.com/avatar/751af46b5492daac05726171f0654033?s=128&d=identicon&r=PG&f=1"
"money","Brady Gilg",25,425,5263661,"https://www.gravatar.com/avatar/2ad212477a200d43fa3107cfcd919a5b?s=128&d=identicon&r=PG&f=1"
"money","Esoteric Screen Name",23,150,1039918,"https://www.gravatar.com/avatar/36acb82112338e08f1a7e1975799d1a0?s=128&d=identicon&r=PG"
"movies","Paulie_D",4150,117463,3333839,"https://i.stack.imgur.com/bCB9I.png?s=128&g=1"
"movies","BCdotWEB",3752,39751,326355,"https://i.stack.imgur.com/Qddu4.jpg"
"movies","Anne Daunted GoFundMonica",811,6419,11490236,"https://i.stack.imgur.com/rX1ss.png?s=128&g=1"
"movies","Anthony Grist",326,2598,265464,"https://www.gravatar.com/avatar/602fee63732d3b7aeaac979ee258fd60?s=128&d=identicon&r=PG"
"movies","michael",299,1130,9080707,"https://www.gravatar.com/avatar/8dc687bfadd2deb6a50589ef660473e2?s=128&d=identicon&r=PG&f=1"
"movies","Rathony",222,636,7015001,"https://i.stack.imgur.com/5SU6s.png?s=128&g=1"
"movies","Mithoron",217,192,5293328,"https://i.stack.imgur.com/PbCpP.jpg?s=128&g=1"
"movies","Gnemlock",214,1428,5995345,"https://i.stack.imgur.com/58hoe.jpg?s=128&g=1"
"movies","Catija",204,26032,3979517,"https://i.stack.imgur.com/KBnkf.jpg?s=128&g=1"
"movies","jscs",182,597,298117,"https://i.stack.imgur.com/U4w4T.png"
"music","rock-on",112,515,9571094,""
"music","Rockwell Rice",101,746,2969211,"https://i.stack.imgur.com/6D935.jpg"
"music","Glorfindel",71,2976,6085540,"https://i.stack.imgur.com/Haz6W.jpg?s=128&g=1"
"music","jonrsharpe",40,836,3597514,"https://i.stack.imgur.com/feZwC.jpg?s=128&g=1"
"music","Peter Mortensen",29,184,24885,""
"music","Kaz",15,3010,1300809,""
"music","dwoz",11,1793,6757624,"https://www.gravatar.com/avatar/ac74d68f54b694a51fde069a0c5d3b34?s=128&d=identicon&r=PG&f=1"
"music","user21820",9,156,1131127,"https://www.gravatar.com/avatar/016f3df2c1ded9b52755a1832612b762?s=128&d=identicon&r=PG"
"music","laffoyb",5,682,1632198,""
"music","NickGrooves",5,1459,15184774,"https://lh3.googleusercontent.com/-ztjlq8fwBvo/AAAAAAAAAAI/AAAAAAAAAMQ/S8Iw7MWCjH0/photo.jpg?sz=128"
"photo","xiota",1514,22840,8801618,"https://www.gravatar.com/avatar/8553c44cec56644d4c96707f562a1ec1?s=128&d=identicon&r=PG&f=1"
"photo","Brandon Dube",110,2321,6453670,"https://www.gravatar.com/avatar/8bd09518ec24320e674e5feb9cf69a63?s=128&d=identicon&r=PG&f=1"
"photo","Glorfindel",107,831,6085540,"https://i.stack.imgur.com/Haz6W.jpg?s=128&g=1"
"photo","Jim Garrison",32,1123,9760,""
"photo","Dmitry Grigoryev",30,279,5471272,"https://i.stack.imgur.com/IvPNx.png?s=128&g=1"
"photo","Manly",17,315,3035944,"https://i.stack.imgur.com/PGS7y.png?s=128&g=1"
"photo","connersz",16,1844,1150083,""
"photo","MrUpsidown",12,303,1285881,"https://i.stack.imgur.com/9tqVh.jpg?s=128&g=1"
"photo","twalberg",11,4213,1303837,"https://www.gravatar.com/avatar/d3a62746fb04e19c1656cd1df560911f?s=128&d=identicon&r=PG"
"photo","ths",10,6340,4019929,"https://www.gravatar.com/avatar/d85d069554d3194a6460db27b15571e9?s=128&d=identicon&r=PG&f=1"
"rpg","Purple Monkey",2739,50069,4682603,"https://i.stack.imgur.com/YLu8z.jpg"
"rpg","Mark Wells",1269,18354,6860408,"https://www.gravatar.com/avatar/a435c784cc9a65f74f51db80c0cfe32e?s=128&d=identicon&r=PG&f=1"
"rpg","Glorfindel",334,1097,6085540,"https://i.stack.imgur.com/Haz6W.jpg?s=128&g=1"
"rpg","user2754",210,17305,3729791,"https://www.gravatar.com/avatar/33a83647313c8671b84235ee48efacc4?s=128&d=identicon&r=PG&f=1"
"rpg","user-024673",130,18797,16888062,"https://i.stack.imgur.com/9Og7E.png?s=128&g=1"
"rpg","Pelinore",81,170,13279692,"https://lh3.googleusercontent.com/-gIiauGmMvTI/AAAAAAAAAAI/AAAAAAAAACE/9VzLeOXXg0A/photo.jpg?sz=128"
"rpg","Slagmoth",69,20764,2317213,"https://www.gravatar.com/avatar/5cac50adfb6c14b3a798d5a136e2e1ea?s=128&d=identicon&r=PG"
"rpg","Matteo Tassinari",31,1257,1550591,"https://i.stack.imgur.com/zaq24.jpg?s=128&g=1"
"rpg","Peter Duniho",18,894,4333085,"https://www.gravatar.com/avatar/dcc3c1ad5e4ae4d79ba377020978d107?s=128&d=identicon&r=PG&f=1"
"rpg","Nagora",14,4603,4881264,"https://i.stack.imgur.com/ZrFa3.png"
"workplace","gnat",25483,3105,446514,""
"workplace","QuantFinance",6873,1356,124226,"https://www.gravatar.com/avatar/45aa3c1c4fedfe1d576e5bff5eb638c2?s=128&d=identicon&r=PG&f=1"
"workplace","Jim G.",4314,14239,38330,""
"workplace","Joe Strazzere",1593,314121,41471,"https://i.stack.imgur.com/urSNQ.jpg?s=128&g=1"
"workplace","Donald",1095,552,96198,"https://www.gravatar.com/avatar/d0683e1bba122b890c46783bad51bdc0?s=128&d=identicon&r=PG&f=1"
"workplace","nobody",668,404,10307,"https://www.gravatar.com/avatar/8e6aeea32e2b2adf250af619cbc1a675?s=128&d=identicon&r=PG&f=1"
"workplace","Glorfindel",661,2735,6085540,"https://i.stack.imgur.com/Haz6W.jpg?s=128&g=1"
"workplace","paparazzo",528,36178,300272,"https://i.stack.imgur.com/N7ogx.png"
"workplace","Anne Daunted GoFundMonica",442,1418,11490236,"https://i.stack.imgur.com/rX1ss.png?s=128&g=1"
"workplace","tripleee",405,176,468289,"https://i.stack.imgur.com/ZcY77.png"
"worldbuilding","Aify",6774,18467,5615335,"https://i.stack.imgur.com/EilfZ.jpg?s=128&g=1"
"worldbuilding","sphennings",1566,14617,122491,""
"worldbuilding","L.Dutch - Reinstate Monica",1387,162279,8159086,"https://i.stack.imgur.com/OyfHo.jpg?s=128&g=1"
"worldbuilding","Glorfindel",294,1289,6085540,"https://i.stack.imgur.com/Haz6W.jpg?s=128&g=1"
"worldbuilding","dot_Sp0T",206,11791,3449896,"https://www.gravatar.com/avatar/c983df68f5cddbfd7961e6ad51a2d251?s=128&d=identicon&r=PG&f=1"
"worldbuilding","FiringSquadWitness",150,319,4083654,"https://www.gravatar.com/avatar/6ac2a72ff5ca7a30d8c2fd328a7690a0?s=128&d=identicon&r=PG&f=1"
"worldbuilding","Nij",104,773,5995161,""
"worldbuilding","Fl.pf.",75,909,4776930,"https://i.stack.imgur.com/BosYq.jpg?s=128&g=1"
"worldbuilding","Nathaniel Ford",74,3600,198346,"https://i.stack.imgur.com/TovHM.png"
"worldbuilding","fi12",52,4946,7534499,"https://www.gravatar.com/avatar/922af1c2d292edbe7651168ce66c36c3?s=128&d=identicon&r=PG&f=1"
